XCoord,YCoord,RED,GREEN,BLUE,NIR,LCCODE
393760.4806,4806041.171,115,127,139,3,1
393851.7445,4805986.912,190,192,184,195,1
393694.1029,4805909.724,245,247,245,245,1
393665.2445,4805953.477,51,87,95,50,1
393774.8389,4805959.545,73,99,100,6,1
393880.5224,4805937.966,85,103,104,5,1
393602.417,4805771.747,64,85,89,1,1
393694.4604,4805766.833,244,242,238,201,1
393671.9695,4805828.672,78,103,111,1,1
393942.3176,4805822.92,153,133,118,75,3
393982.1619,4805814.5,225,208,182,188,3
393704.0893,4805605.607,101,140,142,1,1
393598.4462,4805685.21,235,237,230,240,1
393952.5234,4805698.058,219,204,179,175,3
393848.8606,4805584.913,162,138,123,63,3
393474.6616,4805551.2,39,74,88,1,1
393578.2626,4805562.556,98,117,116,3,1
393674.8985,4805573.158,233,235,234,146,1
393799.7655,4805502.548,155,130,117,72,3
393798.2022,4805458.406,222,202,182,188,3
393575.5292,4805333.969,68,89,94,4,1
393532.4027,4805409.994,238,239,230,44,1
393439.1987,4805396.742,42,78,88,1,1
393675.9309,4805420.493,134,109,97,52,3
393353.8704,4805276.843,70,99,118,38,1
393429.2472,4805261.796,236,243,234,147,1
393506.6624,4805265.771,103,107,98,1,1
393675.6253,4805285.679,151,129,114,88,3
393708.3304,4805265.245,219,202,179,177,3
393440.0896,4805067.628,54,77,85,1,1
393379.1468,4805116.223,134,133,136,1,1
393306.3134,4805182.328,240,237,237,1,1
393256.6205,4805172.721,46,73,83,13,1
393650.8657,4805148.367,220,203,179,180,3
393580.0365,4805176.33,134,109,96,50,3
393667.8216,4805121.252,217,199,177,189,3
393223.9696,4804976.638,247,247,249,237,1
393183.7041,4805013.651,69,101,111,1,1
393483.4565,4804949.21,147,125,111,60,3
393079.9538,4804883.647,50,91,118,1,1
393158.3035,4804836.503,172,189,181,1,1
393283.8936,4804808.535,89,101,103,1,1
393441.9053,4804904.828,128,106,97,49,3
393484.6295,4804858.251,214,198,175,176,3
393060.998,4804784.345,39,71,85,1,1
393184.0091,4804758.147,146,140,151,52,1
393212.8015,4804710.055,109,108,107,17,1
393243.0244,4804697.452,121,123,121,1,1
393465.7069,4804760.68,213,194,173,180,3
392983.9796,4804586.356,38,71,86,1,1
393157.9717,4804595.728,67,87,93,3,1
393235.0323,4804631.753,66,87,92,9,1
393098.6411,4804636.508,228,224,228,68,1
393032.6798,4804642.749,41,72,85,1,1
393337.332,4804667.433,169,145,128,92,3
393354.37,4804645.511,154,131,117,67,3
393289.6749,4804566.848,150,130,115,65,3
393367.6314,4804604.593,215,196,175,159,3
392919.2838,4804453.129,46,77,90,1,1
392957.4887,4804505.358,249,245,250,5,1
393094.0881,4804513.589,83,94,99,214,1
393317.9082,4804483.253,209,190,170,177,3
393278.1251,4804496.007,150,126,114,59,3
393251.5962,4804522.411,166,141,125,92,3
393219.3263,4804460.558,138,109,100,43,3
392848.7907,4804338.181,59,88,94,1,1
392894.671,4804326.193,245,242,239,93,1
392961.1614,4804298.288,67,87,95,1,1
392973.3233,4804352.664,246,242,242,119,1
393001.0588,4804402.462,137,135,141,1,1
393231.7387,4804365.951,214,191,172,151,3
393181.7869,4804395.324,161,131,120,46,3
393179.8224,4804326.062,156,128,117,66,3
392806.438,4804189.004,60,83,91,1,1
392847.3522,4804192.686,246,246,249,210,1
392900.374,4804247.281,69,91,99,1,1
392969.6535,4804173.476,160,135,124,55,3
392989.3077,4804206.946,145,121,111,56,3
393044.6337,4804242.449,127,100,93,28,3
393115.4923,4804270.778,139,113,103,55,3
393039.315,4804181.035,149,124,113,60,3
392797.3419,4804054.021,57,87,95,78,1
392807.0906,4804120.564,184,191,189,1,1
393035.0847,4804133.461,176,150,135,96,3
393071.2151,4804109.502,217,198,179,183,3
393104.1436,4804102.917,214,195,177,178,3
392945.9191,4804101.958,138,114,104,39,3
393004.2337,4804051.661,156,132,117,67,3
392790.6295,4803959.711,57,83,91,1,1
392845.8213,4803986.554,234,240,238,105,1
392903.1256,4803982.181,96,113,110,1,1
393048.1724,4804026.711,221,202,183,189,3
392980.0191,4803949.831,164,139,126,88,3
393003.4844,4803949.46,145,122,111,63,3
392699.216,4803841.623,141,142,151,33,1
392737.0026,4803812.437,104,102,98,6,1
392843.5531,4803841.117,119,97,88,28,3
392973.227,4803850.323,211,193,172,168,3
392916.8455,4803858.146,165,143,127,92,3
392602.0064,4803687.244,168,172,168,35,1
392646.5929,4803702.994,73,73,91,15,1
392718.1492,4803720.049,78,76,87,16,1
392672.1525,4803779.684,150,148,148,27,1
392819.3261,4803738.696,143,122,109,48,3
392860.6451,4803712.92,207,190,168,129,3
392764.977,4803655.532,183,163,143,64,3
392883.5071,4803674.442,214,199,177,128,3
392588.9181,4803574.838,84,74,91,15,1
392627.6692,4803606.274,149,138,133,26,1
392688.3757,4803539.803,189,171,150,65,3
392759.1469,4803562.068,153,135,117,41,3
392786.9317,4803559.895,210,192,170,94,3
392569.9261,4803419.21,73,71,92,16,1
392552.6793,4803482.723,84,73,88,15,1
392715.9816,4803444.228,157,135,118,41,3
392753.3772,4803417.645,227,212,186,112,3
392458.6073,4803307.496,131,137,142,129,1
392486.1164,4803342.576,129,128,146,16,1
392518.5785,4803361.118,67,66,88,16,1
392654.1242,4803353.816,195,176,153,64,3
392656.0402,4803392.336,160,139,123,42,3
392688.7854,4803319.261,224,211,184,137,3
392471.247,4803173.016,79,74,89,15,1
392433.1539,4803237.73,77,105,115,26,1
392657.788,4803256.08,228,215,192,134,3
392613.2007,4803185.751,232,220,198,143,3
392579.0736,4803226.577,158,140,123,44,3
392557.0748,4803237.322,192,174,152,68,3
392314.9447,4803021.298,90,86,97,19,1
392367.9936,4803076.765,98,96,106,15,1
392421.2071,4803142.625,68,69,89,15,1
392612.8714,4803137.675,222,206,183,119,3
392552.0144,4803137.776,192,175,152,74,3
392464.3587,4803065.532,175,157,138,56,3
392500.4235,4803064.526,170,152,134,58,3
392518.1181,4803056.447,204,186,165,115,3
392532.4186,4803053.621,220,205,182,152,3
392446.444,4803032.464,182,163,145,61,3
392548.8102,4803018.273,222,206,184,168,3
392566.9645,4803093.789,227,214,191,144,3
392297.3113,4802896.825,112,109,115,18,1
392259.1216,4802955.48,82,81,96,15,1
392398.1,4802999.446,159,141,128,41,3
392395.7617,4802961.797,147,130,115,35,3
392440.4576,4802929.464,188,170,151,68,3
392517.4789,4802961.593,222,207,185,173,3
392488.2633,4802983.283,219,203,181,115,3
392417.1962,4802888.249,181,163,145,58,3
392093.2064,4802801.316,66,68,87,13,1
392187.4014,4802819.739,133,131,138,20,1
392259.0373,4802841.122,87,84,97,15,1
392467.5076,4802880.951,221,205,184,120,3
392334.8637,4802850.278,150,131,117,36,3
392350.1787,4802801.951,178,159,142,61,3
392375.3797,4802773.826,207,190,169,92,3
392299.5974,4802765.07,166,149,134,59,3
392001.8873,4802636.429,87,84,93,15,1
392182.1822,4802656.077,116,109,114,17,1
392173.4496,4802708.199,74,76,93,15,1
392133.3001,4802753.025,171,162,157,32,1
392396.2485,4802746.636,220,203,183,114,3
392304.4609,4802742.9,150,143,131,64,3
392341.4657,4802718.918,197,179,160,102,3
392331.9592,4802667.953,213,196,177,120,3
392289.8351,4802670.79,177,158,143,66,3
392232.4642,4802644.414,151,139,124,47,3
392040.3788,4802542.243,97,99,112,18,1
391976.1361,4802548.468,174,178,169,51,1
392102.2368,4802604.503,80,87,99,15,1
392225.6129,4802596.438,178,160,143,66,3
392261.9972,4802560.769,209,192,172,99,3
392287.0471,4802550.406,215,199,179,113,3
392190.1271,4802506.168,164,146,131,51,3
392041.8913,4802419.189,143,146,161,15,1
391987.5971,4802449.514,76,74,86,13,1
391941.9685,4802477.969,191,198,194,127,1
392134.5137,4802481.063,165,149,133,57,3
392152.671,4802447.416,167,149,133,64,3
392144.8322,4802392.09,167,147,134,46,3
392206.5589,4802418.831,215,201,181,134,3
391857.0868,4802335.501,250,251,241,126,1
391913.4524,4802325.935,84,83,97,14,1
391991.055,4802339.424,82,75,89,12,1
392073.7939,4802353.999,155,136,125,44,3
392083.1002,4802337.821,141,122,113,25,3
392116.6432,4802314.759,213,193,177,100,3
392143.6252,4802289.202,219,198,182,115,3
392018.6594,4802277.334,165,147,134,54,3
391783.7896,4802156.454,201,207,195,77,1
391792.9863,4802242.085,214,226,204,53,1
391884.2357,4802238.892,81,75,91,12,1
392035.9271,4802242.426,165,144,133,43,3
392052.2018,4802227.004,212,194,177,58,3
392065.3372,4802205.566,218,199,182,91,3
392076.899,4802167.258,217,199,183,115,3
392034.7223,4802139.772,217,198,182,52,3
392007.7388,4802138.037,217,199,183,63,3
391994.6255,4802188.067,157,137,127,58,3
391759.412,4802045.937,82,78,93,12,1
391849.1094,4802108.62,80,81,95,10,1
391926.5189,4802071.437,150,134,123,45,3
391979.2032,4802076.227,216,200,182,61,3
392002.1561,4802043.368,217,203,184,119,3
391898.5932,4802010.798,153,137,124,49,3
391567.1805,4801933.776,61,67,90,10,1
391673.6294,4801956.331,232,229,209,58,1
391684.2091,4801911.105,72,72,91,13,1
391969.4426,4801982.371,213,200,181,123,3
391933.7374,4801979.043,207,193,175,82,3
391902.9989,4801960.038,156,139,128,42,3
391838.1041,4801905.734,146,131,120,40,3
391383.9627,4801787.681,39,63,90,8,1
391443.2256,4801849.983,37,65,92,9,1
391510.7018,4801828.104,64,68,92,10,1
391535.6291,4801755.785,79,80,97,10,1
391561.605,4801803.026,200,196,185,38,1
391787.139,4801845.462,145,130,118,41,3
391727.7799,4801831.249,163,150,136,54,3
391722.7603,4801789.304,165,150,136,44,3
391777.3985,4801780.198,174,159,142,72,3
391806.1707,4801784.936,208,196,177,151,3
391850.1291,4801787.699,205,195,176,163,3
391346.4593,4801618.447,138,125,123,17,1
391294.9507,4801660.001,60,61,87,7,1
391388.6705,4801701.821,56,60,85,8,1
391613.7846,4801696.168,149,138,126,26,3
391683.0111,4801701.991,155,141,129,41,3
391729.3262,4801661.822,217,203,185,117,3
391750.9406,4801626.815,218,198,184,115,3
391628.667,4801620.976,156,140,129,36,3
391611.414,4801656.779,133,119,113,24,3
390803.2761,4801584.738,60,66,93,7,1
391053.2424,4801554.709,64,71,94,7,1
391208.3625,4801521.016,228,224,218,41,1
391320.9389,4801491.477,74,73,94,10,1
391445.3748,4801604.726,219,206,197,65,1
391579.3035,4801606.603,165,150,138,42,3
391647.4186,4801597.279,167,149,138,48,3
391660.8014,4801564.136,216,200,184,107,3
391528.5601,4801533.328,171,157,142,42,3
391577.1005,4801523.451,163,149,136,44,3
391558.1415,4801479.995,168,154,141,49,3
391684.8411,4801490.529,219,204,188,132,3
390977.8835,4801554.423,89,97,105,110,4
390956.2775,4801508.845,69,82,107,108,4
391168.0072,4801480.304,109,123,124,79,4
391597.9952,4801470.691,215,202,185,126,3
391502.02,4801451,167,155,140,41,3
391451.476,4801444.445,174,161,143,32,3
391486.6459,4801387.122,194,179,161,46,3
391641.0298,4801388.545,219,204,187,140,3
390825.588,4801350.843,52,72,97,5,1
391219.2468,4801278.64,55,73,94,6,1
391566.9042,4801348.572,215,202,185,144,3
390950.1486,4801201.516,51,70,95,4,1
391517.3736,4801105.734,55,74,96,4,1
391757.814,4801131.345,58,78,97,2,1
390656.7553,4801128.261,59,79,100,5,1
390780.4661,4801033.969,82,95,108,5,1
390567.0834,4800907.427,47,70,94,5,1
391031.4448,4800957.559,58,73,95,4,1
391389.8068,4800960.46,62,80,101,6,1
390629.6831,4800930.912,43,69,97,11,4
390739.8687,4800914.399,58,63,89,98,4
390676.262,4800774.801,53,69,91,5,1
390928.6702,4800760.86,188,174,158,44,3
390983.5045,4800763.442,182,171,154,41,3
391164.454,4800773.225,50,56,81,64,4
390784.5034,4800691.588,208,213,205,18,1
390686.9785,4800684.497,57,79,97,6,1
391048.9344,4800667.924,234,226,205,104,3
390965.4929,4800617.269,152,142,133,25,3
390908.6668,4800599.119,170,157,145,34,3
391346.8942,4800652.429,65,78,101,53,4
390651.1505,4800458.877,195,192,196,20,1
390729.7712,4800533.873,255,255,251,100,1
390925.4735,4800508.715,168,156,143,32,3
390629.8481,4800378.62,127,155,147,8,1
390960.0068,4800438.825,232,221,201,92,3
390874.3305,4800411.606,170,158,146,33,3
390831.4572,4800395.831,186,173,157,41,3
390905.3017,4800336.571,230,220,201,90,3
390826.9161,4800330.036,173,160,146,33,3
390541.1685,4800273.451,217,221,222,47,1
388286.5189,4800199.401,193,193,188,58,2
388279.4423,4800218.585,146,155,164,40,2
390771.6864,4800303.193,183,171,155,40,3
390704.2839,4800222.812,174,163,148,29,3
390684.1005,4800265.607,174,162,148,32,3
390835.2531,4800199.896,234,225,205,110,3
389766.612,4800086.252,58,77,102,5,1
390440.6625,4800136.405,254,255,255,21,1
390490.2147,4800188.472,77,96,105,1,1
388341.774,4800095.347,191,188,191,58,2
388297.5157,4800180.584,140,141,142,36,2
390672.2372,4800177.395,173,163,151,30,3
390760.1621,4800182.041,172,160,147,31,3
390679.9807,4800118.333,163,148,134,28,3
390735.6837,4800092.255,232,224,205,105,3
390572.0896,4800087.965,194,181,164,46,3
390629.3562,4800079.239,158,143,134,25,3
389696.6462,4800075.255,60,70,103,40,4
388278.0601,4799963.76,44,97,123,5,1
388485.9676,4799964.664,47,89,119,5,1
389826.1283,4800002.076,57,77,102,6,1
389735.0852,4799952.451,208,197,171,72,2
389703.2881,4799949.502,197,187,164,75,2
388396.5306,4799960.965,238,234,215,116,2
388369.8471,4800030.745,255,255,250,186,2
388355.1083,4800060.024,255,255,253,241,2
388349.929,4800045.656,149,147,154,48,2
388227.2172,4799962.741,162,170,176,49,2
390641.7987,4799988.031,235,225,206,106,3
390545.8902,4800027.718,175,163,150,31,3
390498.862,4800024.146,165,156,142,28,3
390450.2629,4800031,175,166,150,31,3
389677.5086,4800021.829,56,81,109,5,4
388137.4515,4799929.68,52,101,128,5,1
388632.9163,4799908.504,40,80,113,5,1
389528.299,4799821.015,74,98,109,6,1
389558.482,4799911.531,62,89,108,5,1
389871.3656,4799895.596,195,208,193,32,1
389958.6369,4799913.244,195,199,183,26,1
390185.2489,4799941.198,87,100,108,5,1
389648.8747,4799839.878,89,97,115,23,2
389713.9682,4799884.322,223,211,188,100,2
389747.2607,4799898.947,214,204,178,82,2
389684.8285,4799937.669,70,83,103,19,2
389639.6586,4799888.134,186,175,167,58,2
389695.7699,4799888.519,54,66,102,9,2
388487.4931,4799832.917,116,116,126,38,2
388471.0721,4799892.128,154,152,158,60,2
388434.3389,4799827.293,226,218,191,101,2
388416.6782,4799890.425,250,237,218,135,2
388245.9995,4799862.32,65,90,127,13,2
388221.1724,4799860.13,162,162,153,26,2
388037.5058,4799878.769,139,137,154,64,2
388385.1855,4799941.931,91,94,117,19,2
390539.453,4799898.678,235,227,207,106,3
390388.6322,4799931.457,174,162,148,33,3
390319.0216,4799929.985,196,184,165,47,3
390369.542,4799880.628,207,195,176,61,3
390185.6738,4799860.208,183,172,157,37,3
390260.1535,4799893.669,166,154,142,28,3
390258.6232,4799852.957,180,166,153,36,3
390445.5491,4799901.065,236,228,207,104,3
389751.4346,4799861.142,40,59,95,25,4
388716.3993,4799801.385,42,81,114,5,1
389463.1317,4799718.933,68,91,106,6,1
389559.7603,4799723.423,255,255,253,188,1
389671.7048,4799746.328,110,114,131,26,2
389626.4062,4799742.3,88,96,118,16,2
389669.3324,4799787.539,115,118,129,28,2
389948.9813,4799706.708,166,156,144,47,2
388510.9628,4799726.35,235,232,209,93,2
388474.5728,4799708.748,209,195,176,76,2
388611.4626,4799701.725,234,231,214,107,2
388604.6129,4799734.776,150,146,146,43,2
388473.5854,4799807.143,135,135,145,46,2
388279.7325,4799798.055,202,199,199,91,2
388250.2564,4799777.739,173,178,175,69,2
388304.362,4799709.236,255,255,241,112,2
388429.8006,4799799.045,29,60,104,5,2
388505.2433,4799758.363,223,211,188,74,2
388484.806,4799732.263,159,153,150,33,2
388572.8896,4799772.417,235,221,203,107,2
388066.9338,4799764.734,191,188,182,54,2
388063.3502,4799784.729,204,205,196,92,2
388059.0118,4799811.671,174,171,172,68,2
390138.7539,4799809.831,159,146,134,24,3
390269.7296,4799786.903,231,224,207,96,3
390130.1955,4799764.898,182,171,156,37,3
389999.6345,4799706.346,164,157,149,21,3
389999.6526,4799760.952,198,186,168,46,3
389886.0507,4799728.996,188,174,162,39,3
388327.9456,4799706.992,53,70,107,42,4
388524.2844,4799691.619,59,77,111,68,4
388162.7123,4799563.48,44,95,123,6,1
388101.0285,4799620.842,70,107,135,7,1
388775.9489,4799666.921,46,84,112,5,1
388911.9992,4799635.215,47,82,112,5,1
389189.8324,4799602.921,80,88,108,6,1
389297.2816,4799630.633,76,90,108,6,1
389345.8452,4799568.296,174,183,181,33,1
389411.2338,4799630.503,145,154,146,11,1
389654.7865,4799669.028,170,162,152,27,2
389542.0754,4799611.925,40,62,95,9,2
389557.9446,4799598.231,162,160,154,37,2
389551.0195,4799626.948,131,127,134,62,2
388628.0129,4799571,197,185,165,51,2
388531.3239,4799563.057,148,143,145,43,2
388614.6198,4799655.733,242,243,222,95,2
388308.6586,4799679.695,187,186,170,45,2
388488.2511,4799571.849,200,199,183,66,2
388469.5972,4799601.195,132,133,141,32,2
389871.2055,4799672.03,185,170,157,39,3
389996.0956,4799649.196,232,222,207,93,3
389629.1793,4799659.665,170,157,150,32,3
389575.7987,4799640.166,185,174,162,36,3
389577.3258,4799627.14,198,189,177,47,3
389620.9778,4799636.829,212,200,184,66,3
389504.9603,4799563.745,204,192,176,49,3
389468.3923,4799561.742,166,156,147,25,3
388574.2819,4799649.328,219,209,190,71,3
388548.6344,4799650.184,239,228,209,106,3
388571.9498,4799586.957,243,234,210,112,3
388410.1029,4799651.462,51,70,111,8,4
388344.117,4799659.052,50,70,108,8,4
388570.1827,4799679.161,61,74,110,74,4
388208.3575,4799681.88,56,73,109,15,4
389528.5554,4799635.95,59,69,102,52,4
388382.2357,4799529.516,48,98,124,5,1
388267.34,4799525.345,45,96,124,6,1
388958.0662,4799526.975,74,91,110,6,1
389215.9118,4799548.752,184,187,193,23,1
388580.3231,4799501.14,239,238,207,97,2
388513.8423,4799452.394,96,101,114,48,2
388580.969,4799549.952,136,137,142,41,2
389458.6096,4799522.029,221,209,190,67,3
389453.8861,4799499.136,226,216,196,71,3
389411.5346,4799515.864,198,187,173,44,3
389373.1844,4799511.29,188,176,161,34,3
389342.3564,4799487.957,202,190,175,49,3
389297.5781,4799462.685,230,217,198,75,3
389286.6766,4799487.568,163,157,150,25,3
389271.0554,4799436.681,219,208,188,63,3
389196.1997,4799434.006,193,181,168,39,3
389158.1471,4799447.632,174,162,150,22,3
388601.6361,4799487.977,185,180,171,48,3
388605.9912,4799461.901,241,230,208,100,3
388724.7014,4799433.51,145,146,142,18,3
388625.4459,4799495.79,78,94,111,79,4
388523.0251,4799509.612,53,73,106,16,4
388630.4861,4799537.747,74,84,114,103,4
388653.8313,4799502.69,69,92,120,101,4
388487.0475,4799490.702,51,73,109,14,4
388655.1787,4799531.706,46,69,106,62,4
388537.6863,4799421.229,230,221,193,76,2
388525.8171,4799413.623,163,162,152,44,2
388516.435,4799372.17,84,99,119,27,2
388541.9835,4799365.248,218,208,183,70,2
388336.4875,4799363.017,225,218,208,68,2
388119.0521,4799365.742,159,162,169,42,2
388177.0989,4799351.347,104,106,123,63,2
389204.6217,4799390.527,239,228,208,91,3
389136.2668,4799386.446,233,224,203,83,3
389122.2579,4799407.479,193,181,168,42,3
389102.1827,4799429.912,148,146,139,18,3
389067.6956,4799422.243,175,165,153,31,3
389010.6608,4799418.844,165,157,146,20,3
389009.3717,4799393.294,176,168,157,29,3
389049.6356,4799355.36,242,234,214,97,3
389051.0453,4799388.276,190,179,166,42,3
388967.1803,4799340.243,244,235,215,104,3
388960.4717,4799355.523,234,222,202,83,3
388942.5985,4799406.092,163,160,151,23,3
388966.2078,4799413.506,135,134,130,10,3
388884.1736,4799397.516,183,180,174,29,3
388862.4323,4799371.435,194,181,166,40,3
388859.8737,4799348.073,228,216,194,80,3
388843.4642,4799328.839,245,236,215,109,3
388799.0243,4799350.806,226,213,190,78,3
388797.641,4799372.5,173,167,157,30,3
388808.832,4799418.257,135,136,137,16,3
388711.5851,4799402.953,180,174,165,35,3
388742.6871,4799363.435,179,174,166,37,3
388250.468,4799308.454,91,90,114,120,4
388181.9772,4799322.588,68,88,119,80,4
388362.7583,4799312.668,80,86,116,95,4
388444.7664,4799326.919,67,89,111,86,4
388511.9808,4799420.078,49,74,108,48,4
388283.6104,4799392.64,68,78,113,71,4
388088.4006,4799300.803,192,188,192,93,2
388329.4601,4799253.478,228,216,191,97,2
388345.3122,4799212.475,123,130,134,23,2
388067.8911,4799217.925,160,155,155,57,2
388039.3722,4799176.788,170,174,175,57,2
388216.0379,4799286.124,133,133,139,30,2
388272.5719,4799232.746,223,209,190,73,2
388314.2789,4799177.012,214,212,198,59,2
388162.9793,4799286.567,216,208,187,83,2
388173.8022,4799249.042,136,147,140,140,4
388246.4705,4799224.436,65,90,121,96,4
388132.816,4799295.662,80,84,116,69,4
388406.881,4799072.286,62,107,122,6,1
388308.6453,4799076.507,58,103,122,7,1
388202.5001,4799128.539,53,105,126,7,1
388117.2207,4799074.469,52,103,126,7,1
388524.6357,4799056.984,255,250,226,113,2
388480.629,4799052.508,188,171,156,48,2
388528.8384,4798923.774,65,99,117,8,1
388419.0101,4798963.727,62,103,120,7,1
388209.2357,4799009.666,49,99,124,7,1
388136.6284,4798932.847,48,101,124,7,1
388511.3244,4798988.287,103,109,130,29,2
388640.8934,4799037.733,146,143,141,34,2
388691.2516,4798960.11,164,165,164,25,3
388752.8033,4798946.961,226,219,196,72,3
388615.2113,4798979.752,112,106,117,93,4
388557.0676,4798988.511,78,85,106,94,4
388506.1468,4799039.629,70,78,104,86,4
388131.0004,4798802.906,43,98,122,6,1
388189.3314,4798805.409,45,99,121,7,1
388194.5287,4798909.351,46,98,122,7,1
388490.2556,4798905.338,53,86,112,7,1
388357.5615,4798869.892,205,203,191,65,2
388339.4957,4798855.886,141,146,152,111,2
388284.0178,4798868.071,248,246,230,109,2
388348.3695,4798813.695,103,109,125,33,2
388739.8148,4798897.763,157,160,158,24,3
388689.2556,4798891.659,135,139,143,16,3
388699.3934,4798820.407,154,151,150,23,3
388720.9235,4798807.049,167,165,160,28,3
388335.3958,4798814.656,86,97,121,148,4
388404.3872,4798883.303,68,79,108,106,4
388448.3442,4798858.305,74,83,111,92,4
387639.1256,4798678.417,92,120,138,9,1
387699.816,4798718.155,60,99,127,7,1
387758.7948,4798759.655,66,111,138,7,1
387810.8877,4798700.708,53,107,134,7,1
388065.2622,4798720.769,43,98,125,5,1
388150.3561,4798710.693,41,101,124,5,1
388301.015,4798764.63,129,128,138,34,2
388320.0912,4798734.407,156,153,147,42,2
388276.0893,4798730.365,213,213,190,53,2
388263.7481,4798720.599,49,80,113,9,2
388286.0145,4798751.874,216,204,179,64,2
388277.278,4798696.969,206,194,171,60,2
388581.4202,4798788.539,163,156,148,27,3
388640.578,4798788.432,147,147,148,18,3
388727.4113,4798778.335,235,226,205,82,3
388563.9521,4798678.729,169,163,157,30,3
388629.0284,4798721.004,145,142,143,19,3
387768.7869,4798668.852,102,97,122,107,4
387739.0493,4798711.824,141,141,171,86,4
388336.8265,4798769.553,54,68,101,79,4
388267.2815,4798772.868,152,163,160,127,4
388371.468,4798786.32,85,105,118,83,4
388537.9854,4798727.891,111,130,123,82,4
388469.6017,4798722.515,135,127,128,97,4
387601.7375,4798575.006,77,118,132,7,1
387857.5618,4798629.714,51,102,129,8,1
387887.4729,4798597.142,47,96,126,8,1
387949.7298,4798626.453,55,112,136,8,1
388031.1068,4798654.582,49,106,130,7,1
388132.58,4798582.682,43,101,124,5,1
388247.7169,4798645.442,151,151,143,42,2
388248.0412,4798586.052,249,239,212,98,2
388227.8214,4798573.382,206,201,176,64,2
388210.3524,4798542.894,214,200,183,60,2
387955.6187,4798554.043,239,242,217,79,2
387737.7113,4798582.361,228,220,202,82,2
387722.0874,4798558.346,234,232,208,87,2
387708.843,4798572.871,209,207,187,64,2
387720.5888,4798599.117,188,180,173,75,2
387675.6693,4798618.502,149,152,160,41,2
387662.4068,4798605.718,155,156,161,50,2
387660.5416,4798624.388,196,199,194,82,2
387649.5863,4798593.36,161,159,160,75,2
388590.2872,4798640.151,234,225,205,84,3
387659.5896,4798589.606,72,84,118,118,4
387597.3537,4798614.046,124,126,141,80,4
387813.1924,4798644.708,89,91,114,115,4
387767.7666,4798554.867,77,89,114,38,4
388265.3092,4798574.376,83,88,114,122,4
388279.3617,4798582.38,58,73,108,30,4
388295.7531,4798600.315,71,82,108,72,4
388288.4545,4798632.512,86,89,113,119,4
387565.1461,4798467.246,71,98,122,8,1
388132.5042,4798525.466,71,120,140,7,1
388161.3897,4798483.375,53,103,122,7,1
388196.8527,4798489.367,94,97,116,23,2
388232.3195,4798450.636,168,163,150,46,2
388265.977,4798434.042,197,181,163,73,2
388177.121,4798427.273,199,185,168,71,2
387986.3018,4798462.939,200,190,173,129,2
387963.4485,4798501.463,194,179,156,96,2
387976.9689,4798529.848,210,204,176,82,2
387625.3281,4798520.94,163,166,168,39,2
387678.7989,4798518.752,230,224,194,72,2
387705.8272,4798522.205,255,249,224,129,2
387668.7204,4798488.143,204,197,176,69,2
387615.634,4798487.29,152,150,159,58,2
387597.9388,4798443.37,123,124,133,42,2
387647.0356,4798413.511,225,213,187,80,2
387796.9515,4798489.841,227,213,191,74,3
387607.0184,4798439.197,76,80,109,97,4
387618.2652,4798461.551,94,101,129,102,4
387670.9098,4798461.977,58,77,110,30,4
387629.8465,4798501.238,89,97,118,75,4
387856.5475,4798478.405,83,92,115,53,4
387981.1153,4798487.612,68,82,114,38,4
387996.6374,4798426.669,73,86,112,105,4
388101.9842,4798430.995,65,78,109,34,4
388220.02,4798413.439,54,75,108,62,4
388198.6846,4798464.942,73,83,112,92,4
387920.6457,4798513.755,98,101,132,63,4
387517.2028,4798357.072,49,98,123,8,1
387599.7493,4798395.224,213,202,186,90,2
387580.6452,4798371.266,198,194,184,61,2
387580.1917,4798343.964,217,210,194,92,2
387569.8145,4798321.595,138,150,153,38,2
387598.3325,4798362.303,221,212,194,82,2
387626.4535,4798326.723,168,170,158,47,2
387644.0906,4798314.727,45,83,123,8,2
387636.159,4798387.25,255,252,233,112,2
387615.5624,4798299.595,227,223,205,62,2
387574.7095,4798302.007,185,181,167,75,2
387575.205,4798279.458,211,202,187,79,2
387968.9312,4798367.353,211,203,190,65,3
387554.6071,4798295.718,96,101,127,145,4
387608.3109,4798359.849,84,97,125,93,4
388004.941,4798402.69,94,100,118,93,4
388022.7912,4798377.253,165,155,148,132,4
388071.4671,4798400.723,82,96,120,165,4
387505.5659,4798180.403,45,91,122,8,1
387515.0078,4798277.348,50,100,126,8,1
387613.6316,4798261.914,197,188,167,55,2
387627.6455,4798241.307,212,207,183,51,2
387625.4166,4798211.867,139,138,140,36,2
387663.603,4798206.031,228,215,195,87,2
387585.9844,4798246.646,93,95,114,76,4
387614.0811,4798235.776,95,111,135,66,4
387634.9276,4798181.244,86,92,119,115,4
387488.4158,4798038.501,113,138,152,12,1
387513.2559,4798119.586,47,98,123,8,1
387639.466,4798140.974,183,177,167,47,2
387637.351,4798061.499,250,236,209,98,2
387633.918,4798038.147,210,193,175,73,2
387613.0127,4798036.76,227,222,197,67,2
387615.7414,4798070.095,216,213,181,56,2
387606.7087,4798076.314,234,229,203,73,2
387573.1505,4798046.526,211,202,184,53,2
387583.0788,4798068.036,236,218,193,87,2
387708.1051,4798116.567,151,151,146,28,3
387676.5787,4798122.03,118,119,128,89,4
387453.3096,4797967.989,132,162,176,10,1
387589.8638,4798005.065,200,176,161,46,2
387593.8965,4797985.924,99,115,132,12,2
387604.4747,4797967.975,186,190,182,41,2
387626.2149,4798019.634,249,240,211,102,2
387573.7714,4798005.333,53,80,114,11,2
387552.9049,4797980.103,255,246,216,119,2
387537.4735,4797967.787,194,177,181,51,2
387546.8937,4797932.517,224,212,184,73,2
387576.5155,4797908.615,240,226,197,92,2
387559.3311,4797947.916,92,89,109,19,2
387492.0532,4797957.271,169,170,165,54,2
387614.2631,4798007.261,242,238,213,74,2
387505.9708,4797898.141,82,88,116,95,4
387484.8147,4797934.041,83,94,119,113,4
387479.2299,4797964.479,81,86,116,148,4
387498.4174,4797967.195,102,103,121,125,4
387380.5909,4797781.054,51,99,126,9,1
387445.9522,4797891.814,76,114,133,12,1
387555.7915,4797865.789,212,211,187,70,2
387491.7474,4797860.351,175,172,168,73,2
387494.5282,4797818.254,159,155,148,48,2
387492.856,4797796.172,236,225,197,92,2
387497.4819,4797786.558,226,216,191,85,2
387483.7825,4797773.78,188,183,168,43,2
387493.7719,4797772.747,251,239,213,96,2
387272.1115,4797641.531,54,110,130,7,1
387335.4085,4797680.362,84,128,150,8,1
387408.12,4797657.476,65,111,129,9,1
387401.4443,4797726.951,48,99,125,9,1
387491.3234,4797756.314,228,215,185,80,2
387481.1468,4797746.079,172,167,154,47,2
387486.9047,4797726.041,177,171,159,48,2
387494.5869,4797743.254,220,215,195,63,2
387486.739,4797716.073,227,220,189,72,2
387454.0169,4797710.547,170,161,154,40,2
387455.4829,4797694.049,142,147,148,41,2
387463.5957,4797684.81,211,199,177,52,2
387486.0762,4797676.199,239,226,199,97,2
387494.6888,4797670.854,221,210,187,77,2
387458.6337,4797648.043,196,184,168,72,2
387161.2058,4797513.319,53,107,131,8,1
387252.4431,4797557.754,50,107,128,8,1
387434.2943,4797609.352,160,202,193,14,1
387421.4395,4797556.753,237,224,197,76,2
387443.1586,4797554.658,123,124,131,18,2
387532.5846,4797568.778,159,162,160,34,2
387388.8416,4797532.584,251,242,214,95,2
387380.611,4797560.9,223,206,185,72,2
387369.9317,4797572.783,53,85,120,8,2
387376.7659,4797512.842,232,208,179,51,2
387363.2533,4797511.332,152,144,142,21,2
387349.7888,4797538.869,201,186,164,61,2
387344.5166,4797561.934,202,187,163,49,2
387517.3839,4797537.694,98,103,116,147,4
387509.3329,4797576.846,69,79,109,64,4
387072.6661,4797422.018,57,108,132,8,1
387137.0848,4797423.545,53,103,129,8,1
387351.329,4797500.692,249,240,210,84,2
387352.3093,4797481.167,249,230,197,88,2
387294.2828,4797419.269,255,243,214,114,2
387267.7208,4797417.977,186,169,156,34,2
387263.6743,4797436.254,231,229,206,60,2
387265.2861,4797402.41,55,83,118,9,2
387268.9122,4797385.008,50,81,116,9,2
387326.8553,4797454.928,42,75,114,9,2
387537.426,4797479.529,248,236,215,101,3
387511.4967,4797463.919,247,235,215,99,3
386959.6063,4797321.588,51,102,127,8,1
387252.7696,4797356.23,71,101,122,12,2
387232.5037,4797354.183,212,200,173,67,2
387221.6889,4797331.818,55,87,122,9,2
387169.7464,4797321.845,255,255,235,144,2
387153.5064,4797339.458,224,209,181,61,2
387135.3834,4797322.418,62,88,120,10,2
387125.1767,4797310.449,62,92,127,8,2
387128.8602,4797296.514,85,109,129,16,2
387121.2633,4797284.501,73,96,121,15,2
385862.5054,4797179.579,48,99,131,5,1
385892.3832,4797248.445,54,78,120,16,1
385960.9788,4797239.485,47,97,130,5,1
385985.0253,4797168.843,63,110,137,5,1
387111.1373,4797251.286,85,93,115,36,2
387116.5391,4797236.022,131,144,142,16,2
387111.4869,4797220.064,91,97,112,18,2
387076.8342,4797203.3,104,101,119,26,2
387011.2995,4797135.024,181,164,166,30,2
387093.4076,4797192.618,161,161,153,26,2
385725.4067,4797048.352,50,94,131,4,1
385804.2027,4797076.506,49,98,131,4,1
386014.52,4797059.955,46,102,134,5,1
386880.069,4797040.236,46,98,127,6,1
387041.1617,4797125.421,55,79,111,14,2
387026.1779,4797087.951,135,141,144,19,2
386993.7128,4797098.031,133,141,147,32,2
386994.1266,4797083.716,201,189,169,61,2
385935.2373,4797094.18,183,183,174,127,2
385829.5385,4797018.786,200,189,189,58,2
385745.8965,4797008.693,87,92,122,86,4
387022.2108,4797065.349,151,153,161,57,4
385773.2921,4796894.926,57,103,136,4,1
385716.9104,4796957.445,54,102,136,4,1
386063.0006,4796993.236,49,99,135,5,1
386109.742,4796926.546,54,100,136,6,1
386143.9829,4796996.209,48,102,135,6,1
386236.2168,4796995.526,51,107,138,6,1
386266.1096,4796910.043,51,101,133,6,1
386423.7985,4796920.404,50,96,130,6,1
386506.4052,4796916.417,91,150,168,6,1
386483.0625,4796977.509,52,105,134,6,1
386798.6828,4796908.923,52,99,126,5,1
386903.5043,4796880.29,82,108,134,7,1
386962.6342,4796929.597,159,183,181,11,1
386931.9511,4796968.264,55,102,125,6,1
385821.0507,4796979.908,173,163,180,32,2
385822.5351,4796913.112,164,167,178,39,2
385839.9365,4796960.281,104,110,140,166,4
385882.8812,4796926.605,60,77,118,49,4
386995.1865,4796880.015,75,89,119,51,4
385765.1912,4796827.423,54,103,136,4,1
386290.1605,4796839.399,51,115,138,6,1
386577.6545,4796753.931,49,108,134,6,1
386649.1423,4796813.436,58,115,137,6,1
386774.1927,4796797.469,54,100,129,6,1
386518.5254,4796860.716,50,103,132,7,1
386716.0467,4796859.143,96,133,141,5,1
386938.9633,4796802.814,137,145,154,25,2
386922.2296,4796816.968,249,241,212,79,2
386911.6815,4796784.626,97,100,114,23,2
386904.9608,4796773.031,157,157,157,29,2
385811.7078,4796838.718,201,204,200,62,2
385815.846,4796774.478,249,247,230,102,2
385835.8509,4796769.573,91,98,128,125,4
386249.6946,4796797.296,60,80,120,34,4
386877.267,4796749.741,90,94,119,93,4
386947.2291,4796822.282,66,89,116,41,4
386630.6808,4796646.38,69,129,142,7,1
386726.1531,4796734.969,54,119,135,7,1
386213.3101,4796707.873,135,158,189,19,2
386276.7897,4796653.042,222,221,206,69,2
386384.3425,4796683.322,203,195,180,76,2
386251.0926,4796625.723,205,204,191,63,2
385800.1566,4796669.813,189,186,187,64,2
385805.0113,4796648.051,195,187,184,62,2
386466.5365,4796624.339,51,77,113,45,4
386451.1821,4796668.824,70,92,126,57,4
386418.9993,4796695.812,58,85,118,46,4
386461.6527,4796696.398,47,76,116,11,4
385820.5418,4796687.449,79,92,128,81,4
386136.4225,4796685.599,67,91,127,61,4
385987.3548,4796670.764,61,85,121,75,4
386272.6137,4796711.06,78,95,129,69,4
386317.3604,4796680.825,52,77,119,27,4
386833.9303,4796635.997,52,75,112,28,4
386855.7056,4796709.344,53,71,105,40,4
385757.2503,4796563.065,72,113,143,4,1
386615.9609,4796546.899,89,134,143,7,1
386820.7097,4796522.522,150,149,151,20,2
386797.3487,4796530.717,118,122,132,38,2
386405.6982,4796607.518,126,120,133,41,2
386347.4023,4796556.465,255,251,232,133,2
386369.75,4796591.645,178,170,161,59,2
385801.7871,4796611.684,240,237,234,118,2
385803.4616,4796556.155,193,190,191,54,2
385809.7057,4796513.556,168,168,168,48,2
386465.5024,4796510.754,68,89,121,84,4
386390.0026,4796497.711,82,102,133,90,4
386331.6724,4796496.522,58,83,120,104,4
386295.9435,4796519.669,56,78,118,28,4
386526.1674,4796521.444,102,121,139,114,4
386537.4505,4796571.553,77,106,123,73,4
386478.2583,4796570.81,91,109,133,134,4
386438.5559,4796590.555,78,92,124,103,4
385820.1623,4796561.712,126,122,148,192,4
385909.1703,4796575.822,54,73,118,36,4
386108.844,4796546.445,44,72,116,18,4
386691.2724,4796536.054,71,94,124,39,4
386754.8006,4796535.859,87,104,128,82,4
386797.2298,4796575.04,69,83,118,55,4
385768.6337,4796360.812,58,106,138,4,1
385968.1294,4796372.193,49,103,135,4,1
385893.3322,4796375.187,53,108,138,4,1
385772.1434,4796465.687,67,116,144,4,1
386721.2046,4796479.091,166,168,167,24,2
386532.0081,4796406.81,128,138,148,28,2
386529.5709,4796361.89,154,162,165,51,2
386672.7488,4796429.959,179,180,179,29,3
386635.546,4796400.804,77,90,123,102,4
386643.747,4796448.798,61,81,117,59,4
386673.9673,4796460.433,74,85,117,117,4
386496.4212,4796382.321,105,119,133,87,4
386381.2676,4796392.057,72,92,126,43,4
386433.204,4796401.159,79,92,124,82,4
386446.8729,4796437.787,80,97,127,115,4
386465.9572,4796460.014,86,102,127,112,4
386386.5779,4796449.205,92,111,134,66,4
386504.5878,4796454.164,98,116,132,114,4
386580.9791,4796442.477,87,100,125,84,4
386565.174,4796486.103,85,94,124,92,4
385895.4832,4796296.233,51,105,135,4,1
385785.5163,4796278.14,53,105,135,4,1
386240.9176,4796239.254,65,116,136,4,1
386650.5682,4796326.697,171,171,171,25,3
386670.6016,4796301.646,155,156,159,19,3
386703.0772,4796239.963,211,208,197,49,3
386362.5133,4796259.854,60,79,118,22,4
386417.925,4796294.481,53,76,114,27,4
386492.2291,4796262.015,83,101,130,104,4
386525.4086,4796268.397,52,73,113,34,4
386553.0698,4796257.093,73,93,125,55,4
386567.5721,4796291.54,125,127,139,99,4
386598.1847,4796300.566,84,101,128,97,4
386677.3401,4796245.907,81,105,129,60,4
386638.7956,4796282.975,107,120,141,70,4
386597.0615,4796337.442,88,104,127,105,4
386511.9094,4796319.79,84,100,123,94,4
386482.0733,4796331.13,76,91,122,48,4
386448.4745,4796351.64,45,76,114,52,4
386362.8994,4796143.544,53,107,132,4,1
386293.8443,4796177.658,50,105,132,4,1
386180.44,4796162.218,49,104,132,4,1
385916.9601,4796176.191,55,112,143,4,1
385817.2348,4796197.818,50,102,134,4,1
386447.0252,4796177.69,55,109,133,4,1
386708.3556,4796139.274,211,206,194,46,3
386432.8754,4796103.451,75,95,127,85,4
386534.2795,4796122.551,52,74,116,50,4
386488.0485,4796142.405,54,82,122,28,4
386480.0087,4796182,89,109,132,84,4
386564.617,4796115.105,60,81,119,57,4
386644.8771,4796126.336,76,98,125,62,4
386647.2994,4796167.057,77,103,128,65,4
386668.3845,4796126.81,82,113,133,84,4
386694.6473,4796187.945,84,106,131,69,4
386599.1826,4796152.252,71,95,125,59,4
386583.0578,4796202.822,100,126,139,84,4
386599.2266,4796180.87,57,82,119,31,4
386553.3003,4796192.913,93,108,128,84,4
386524.2101,4796196.87,51,74,116,33,4
386504.4958,4796214.978,56,81,118,40,4
386394.7768,4796211.615,48,71,114,9,4
386155.0484,4795997.865,48,104,133,3,1
386277.1858,4796014.893,64,118,145,5,1
386223.9521,4796058.283,52,109,136,4,1
386189.774,4796096.15,50,108,134,4,1
386277.6987,4796097.275,50,104,132,4,1
385856.7865,4796014.16,47,96,132,3,1
385930.922,4796023.318,48,95,132,3,1
386379.0905,4796055.674,160,166,164,23,2
386411.515,4796016.97,156,155,152,20,2
386356.552,4795993.343,151,151,154,16,2
386376.7976,4796006.88,163,160,152,20,2
386685.4861,4796072.878,173,173,172,28,3
386453.1488,4795997.848,134,137,142,17,3
386324.0747,4796000.337,64,79,116,94,4
386342.1602,4796027.786,68,83,117,82,4
386366.9809,4796066.613,72,83,118,67,4
386416.0962,4796088.989,63,81,118,78,4
386425.4286,4796100.54,62,80,120,75,4
386427.6017,4796048.468,74,92,124,99,4
386438.7097,4796036.14,97,110,133,81,4
386449.9999,4796047.659,67,90,125,56,4
386476.6565,4796002.331,84,111,130,96,4
386469.3481,4796020.666,74,96,122,81,4
386480.1601,4796042.6,70,86,122,68,4
386469.8105,4796074.212,56,84,117,56,4
386471.1379,4796088.5,51,87,117,42,4
386516.9504,4796004.691,87,113,132,80,4
386538.1921,4795999.782,77,101,124,63,4
386527.1282,4796040.729,77,95,122,86,4
386535.1408,4796051.436,68,89,120,80,4
386526.9658,4796070.002,67,86,120,90,4
386550.611,4796065.703,72,89,121,78,4
386551.2518,4796026.015,86,103,128,75,4
386566.4353,4796023.159,65,91,121,38,4
386595.0471,4795990.591,86,110,126,91,4
386586.658,4796009.378,96,119,137,92,4
386608.3132,4796016.17,75,103,124,73,4
386587.2429,4796070.293,66,88,118,43,4
386641.7151,4796067.416,104,123,136,71,4
386152.5855,4795851.336,49,107,134,2,1
386217.3692,4795873.664,51,103,133,2,1
386179.1601,4795930.68,54,108,137,3,1
386238.8241,4795959.165,61,125,148,5,1
386336.871,4795961.585,52,84,121,5,2
386325.1082,4795934.896,117,127,143,32,2
386312.5335,4795911.691,163,168,164,23,2
386289.5607,4795891.262,143,150,161,19,2
386554.0526,4795942.386,148,151,147,28,3
386263.0286,4795863.59,75,90,126,110,4
386276.2963,4795889.169,92,104,131,47,4
386271.3249,4795878.194,84,100,132,90,4
386283.8869,4795926.551,87,95,125,81,4
386296.4209,4795934.363,90,98,126,57,4
386305.3187,4795945.922,73,88,121,133,4
386155.6933,4795725.525,47,101,131,2,1
386176.8434,4795792.819,56,107,138,2,1
386270.5017,4795844.748,139,143,163,27,2
386297.185,4795826.954,197,190,177,30,2
386291.4838,4795798.429,171,165,165,21,2
386263.6245,4795798.03,158,154,157,28,2
386277.6746,4795753.561,181,177,176,27,2
386309.6665,4795740.882,213,207,184,69,2
386238.9109,4795738.901,62,82,122,99,4
386236.498,4795763.659,62,83,124,103,4
386246.7867,4795804.25,84,95,130,107,4
386247.3438,4795785.593,68,86,123,63,4
386308.8923,4795783.693,71,90,127,81,4
386249.7709,4795825.652,90,100,134,82,4
386255.323,4795845.289,72,86,123,100,4
385986.4742,4795704.087,45,100,130,2,1
385969.8187,4795645.39,45,102,132,2,1
386045.3825,4795687.484,53,110,134,2,1
386229.2125,4795594.193,54,103,134,2,1
386176.8895,4795640.172,50,103,134,2,1
386278.3814,4795691.971,201,192,178,34,2
386362.787,4795690.554,55,87,116,15,2
386363.9164,4795654.108,91,114,140,8,2
386338.1717,4795616.378,166,154,151,25,2
386422.7738,4795639.731,232,225,209,68,3
386384.268,4795609.183,67,86,121,96,4
386372.6262,4795615.666,68,85,121,94,4
386388.6522,4795624.071,75,93,127,82,4
386300.888,4795619.906,96,104,134,75,4
386271.4943,4795618.881,66,83,121,79,4
386351.544,4795643.124,72,87,124,88,4
386313.7777,4795687.774,57,82,120,37,4
386238.9565,4795715.699,72,86,123,104,4
386256.4141,4795503.534,60,110,138,2,1
386199.4625,4795533.112,50,103,133,2,1
386319.0832,4795568.128,163,170,169,31,2
386347.0571,4795523.425,191,186,175,37,2
386724.0348,4795476.346,231,223,200,97,2
386451.1376,4795540.381,206,202,185,8,3
386586.3119,4795477.837,173,176,179,24,3
386585.4857,4795506.473,219,207,192,87,3
386639.0745,4795509.912,183,182,178,29,3
386689.5524,4795509.501,204,196,183,43,3
386751.9375,4795492.413,207,187,167,69,3
386802.5318,4795472.919,205,192,183,8,3
386706.0507,4795468.472,98,126,140,95,4
386693.5635,4795476.487,92,115,133,78,4
386641.6567,4795469.55,110,124,137,126,4
386392.8136,4795475.561,66,80,120,72,4
386373.8252,4795472.194,53,75,117,23,4
386395.5622,4795530.067,86,99,127,106,4
386380.7831,4795518.172,72,90,125,94,4
386395.7889,4795491.684,50,71,114,35,4
386375.079,4795502.439,50,74,118,29,4
386336.4801,4795523.469,70,89,123,53,4
386280.7209,4795546.305,81,85,122,99,4
386277.4921,4795574.33,65,83,116,69,4
386375.1336,4795583.533,77,92,124,90,4
386380.0505,4795591.257,54,75,116,23,4
386645.4623,4795397.485,116,131,138,4,1
386668.4066,4795416.183,129,143,143,4,1
386228.55,4795451.094,53,100,132,2,1
386497.2323,4795369.285,255,248,218,155,3
386795.8098,4795461.322,167,153,148,31,3
386790.9684,4795341.288,73,90,122,98,4
386780.6781,4795350.567,60,76,105,68,4
386781.5618,4795429.481,116,113,129,148,4
386743.201,4795399.765,78,94,122,86,4
386718.3495,4795423.165,104,110,134,111,4
386698.9514,4795408.311,67,88,113,55,4
386715.8335,4795350.784,53,78,118,9,4
386722.7153,4795345.898,53,85,118,45,4
386740.8519,4795337.355,53,81,116,21,4
386748.6688,4795388.398,98,103,131,132,4
386756.7465,4795455.048,77,102,122,102,4
386593.8972,4795424.38,75,93,125,82,4
386602.2363,4795402.557,71,102,123,58,4
386588.828,4795407.552,94,103,130,107,4
386585.9053,4795388.953,79,96,125,95,4
386590.2487,4795362.426,54,81,115,30,4
386616.8915,4795368.051,60,81,118,38,4
386583.033,4795347.368,51,80,116,23,4
386567.333,4795345.462,74,92,130,81,4
386556.9056,4795372.525,139,144,149,76,4
386335.2561,4795339.378,65,78,116,40,4
386391.4946,4795370.96,85,102,131,106,4
386409.0609,4795393.325,59,77,116,49,4
386384.2651,4795419.978,73,88,124,115,4
386303.0284,4795415.92,105,125,157,77,4
386396.5502,4795438.854,74,89,125,140,4
386392.1131,4795459.744,75,89,124,127,4
386302.2405,4795459.734,70,89,125,99,4
386328.9043,4795453.649,77,100,135,43,4
386676.0422,4795222.201,66,105,132,3,1
386674.7153,4795298.985,75,113,134,3,1
386611.1312,4795244.538,54,97,127,3,1
386664.8602,4795334.278,83,117,134,4,1
386845.3909,4795289.952,140,137,141,39,3
386870.3416,4795220.7,74,84,119,61,4
386859.2821,4795236.064,66,81,115,12,4
386841.3552,4795257.18,84,101,128,124,4
386825.2412,4795282.602,71,86,120,141,4
386817.67,4795298.341,57,79,117,68,4
386813.2098,4795317.931,90,104,131,95,4
386734.4415,4795318.38,76,106,132,88,4
386753.4339,4795308.956,65,82,120,56,4
386556.274,4795334.806,94,112,136,122,4
386520.0587,4795329.341,109,105,124,89,4
386547.0782,4795305.47,85,98,128,97,4
386567.6007,4795309.463,55,75,115,36,4
386556.6209,4795277.554,58,78,117,46,4
386524.6548,4795265.947,63,81,118,53,4
386387.8335,4795230.509,64,78,117,51,4
386339.7036,4795241.291,59,76,116,58,4
386431.7307,4795278.779,63,82,118,20,4
386443.3478,4795270.778,67,82,119,70,4
386431.5583,4795320.416,98,111,134,101,4
386418.3525,4795311.53,63,80,120,48,4
386413.313,4795322.456,46,69,112,24,4
386783.9804,4795092.025,61,110,131,3,1
386846.9627,4795136.51,70,111,131,3,1
386674.7004,4795089.949,59,101,129,3,1
386611.4413,4795081.032,59,100,128,3,1
386668.1231,4795165.087,62,101,128,4,1
386581.4116,4795133.144,58,98,126,3,1
386527.1661,4795090.683,62,100,127,3,1
386876.0646,4795172.465,74,76,111,115,4
386868.1016,4795190.813,110,120,139,105,4
386516.263,4795206.672,66,82,120,42,4
386469.3646,4795187.075,61,76,116,34,4
386443.018,4795173.205,66,75,115,52,4
386414.8955,4795183.217,61,74,115,22,4
386263.9913,4795190.52,81,94,131,136,4
386146.5817,4795170.807,51,73,117,67,4
386861.1368,4794994.889,78,119,138,3,1
386836.2472,4795016.122,75,121,137,5,1
386782.923,4795002.701,59,107,130,3,1
386710.2864,4794979.628,60,103,129,3,1
386666.4838,4794989.035,60,104,130,3,1
386808.3263,4795038.274,63,111,132,3,1
386580.8229,4795045.982,59,99,127,3,1
386953.0663,4794961.706,65,71,112,117,4
386933.9034,4795039.224,78,91,125,11,4
386790.3155,4794846.011,62,105,127,3,1
386752.7774,4794891.744,62,108,130,3,1
386783.2068,4794941.545,63,111,132,3,1
387034.8034,4794851.917,87,88,117,160,4
387023.8528,4794847.763,48,70,108,13,4
387026.0415,4794874.616,88,86,114,107,4
387006.3508,4794894.461,80,85,113,47,4
386997.7278,4794899.376,78,82,114,47,4
387003.8256,4794925.73,87,93,118,11,4
386984.6208,4794948.603,83,91,122,96,4
386894.4698,4794697.243,74,112,131,3,1
386955.8384,4794723.11,76,105,122,5,1
386920.5114,4794744.951,71,112,131,3,1
386875.9163,4794759.141,84,122,136,4,1
386824.7358,4794795.993,69,108,130,4,1
386865.9934,4794816.556,74,110,132,4,1
386903.872,4794817.225,73,114,131,4,1
387082.4665,4794708.432,66,79,116,104,4
387085.0324,4794731.81,79,93,122,78,4
387043.5826,4794778.04,52,65,103,35,4
386957.6364,4794569.977,67,106,127,3,1
386996.4444,4794574.1,64,109,128,3,1
387054.0419,4794608.705,64,106,126,4,1
387003.6224,4794613.016,65,111,129,3,1
386963.0005,4794630.608,58,100,124,3,1
386913.2191,4794647.053,80,115,132,3,1
386943.0033,4794684.289,77,116,133,3,1
387093.4409,4794439.329,101,120,135,5,1
387062.6081,4794469.77,108,140,153,5,1
387048.3042,4794499.502,108,128,137,4,1
387009.8441,4794490.167,106,135,153,4,1
386968.0968,4794518.622,57,100,125,2,1
387110.0242,4794507.593,81,95,123,73,4
387101.2327,4794528.559,47,64,102,24,4
387098.444,4794347.727,188,194,198,19,1
387059.438,4794357.919,85,119,131,4,1
387007.5567,4794405.194,69,102,124,3,1
387047.0104,4794421.886,158,178,180,28,1
387141.4938,4794347.581,52,63,101,19,4
387144.9748,4794188.202,50,95,124,3,1
387071.4284,4794215.452,90,138,153,9,1
387135.2527,4794231.739,97,132,145,4,1
387141.726,4794280.644,118,148,149,9,1
387100.0508,4794287.411,139,162,181,16,1
387038.582,4794307.953,109,152,165,4,1
387188.6399,4794065.591,50,98,126,1,1
387077.2818,4794096.507,114,128,134,2,1
387123.9185,4794100.068,53,94,121,2,1
387168.6154,4794144,45,92,121,3,1
387085.444,4794168.374,58,94,122,2,1
387266.0643,4794101.118,221,219,202,74,2
387262.7463,4794058.665,183,180,177,43,2
387256.4423,4794150.726,123,109,128,16,2
387292.9301,4794093.731,205,190,174,20,2
387316.7668,4794061.237,214,200,184,64,2
387279.6819,4794098.046,87,94,123,78,4
387183.5295,4794179.456,71,85,118,127,4
387144.9198,4793949.638,79,106,126,2,1
387262.573,4793956.788,59,98,123,1,1
387200.0932,4793969.106,46,91,121,1,1
387148.6141,4794014.64,54,91,122,1,1
387105.1658,4794045.727,72,106,125,2,1
387232.699,4794018.879,43,92,122,1,1
387259.75,4794025.073,120,121,135,96,4
387311.2823,4794035.06,90,106,134,69,4
387310.5875,4794019.456,69,83,113,71,4
387318.9884,4794001.099,70,83,116,97,4
387309.1042,4793982.611,42,64,102,89,4
387332.1089,4794004.784,55,75,108,73,4
387312.2652,4793803.71,58,99,123,1,1
387282.5537,4793823.29,58,102,125,1,1
387224.6938,4793825.554,53,94,125,1,1
387154.7639,4793834.959,60,97,125,2,1
387244.8093,4793883.344,44,93,122,1,1
387195.4352,4793898.48,54,96,124,1,1
387330.9536,4793919.595,181,181,177,45,2
387358.7106,4793861.009,211,203,187,67,2
387319.2435,4793846.996,57,69,108,104,4
387338.0649,4793822.609,85,88,117,99,4
387156.639,4793738.413,55,90,122,1,1
387227.3587,4793750.25,55,93,121,1,1
387288.4459,4793758.777,49,97,122,1,1
387325.277,4793774.648,62,101,125,1,1
387258.2305,4793695.731,44,91,120,1,1
387328.8259,4793693.252,88,92,116,142,4
387321.6211,4793678.84,54,67,104,71,4
387154.4338,4793553.659,104,129,147,2,1
387306.1921,4793569.353,60,102,123,1,1
387283.4981,4793618.314,55,100,124,1,1
387215.605,4793619.444,59,94,122,1,1
387163.2454,4793664.561,60,94,121,1,1
387225.8323,4793580.016,83,114,137,3,1
387438.1757,4793560.746,238,224,196,115,2
387391.0571,4793554.588,159,156,158,53,2
387483.4669,4793561.729,84,83,100,65,2
387335.4735,4793661.042,87,84,112,99,4
387337.8108,4793644.519,88,89,115,95,4
387340.4485,4793632.972,118,128,134,111,4
387403.9023,4793574.258,72,84,110,109,4
387418.8596,4793570.54,72,83,111,94,4
387383.935,4793590.857,96,96,120,106,4
387176.4052,4793461.329,62,97,124,1,1
387255.3801,4793498.189,57,99,126,1,1
387338.582,4793475.116,64,101,120,1,1
387373.3565,4793471.935,79,115,129,1,1
387404.7939,4793503.731,251,253,252,34,1
387337.26,4793526.542,60,102,123,1,1
387487.7249,4793503.531,145,141,140,33,2
387453.9368,4793520.072,79,80,110,118,4
387194.5823,4793297.918,53,90,120,1,1
387237.7979,4793331.036,48,92,121,1,1
387377.3493,4793410.797,169,156,149,43,2
387393.7785,4793351.527,185,182,164,50,2
387300.4427,4793288.876,156,165,166,63,2
387311.994,4793413.982,73,79,108,94,4
387308.6374,4793395.384,85,87,118,114,4
387312.4116,4793373.631,96,110,129,71,4
387402.8454,4793366.489,75,87,118,80,4
387393.3028,4793368.6,82,85,114,113,4
387297.1802,4793321.612,57,77,108,104,4
387380.94,4793292.673,77,88,120,133,4
387348.9287,4793291.904,44,69,110,26,4
387346.674,4793313.414,41,67,106,35,4
387212.3518,4793162.274,50,90,120,1,1
387257.3909,4793213.241,255,255,249,143,2
387305.3359,4793262.262,70,80,113,138,4
387356.6476,4793284.834,52,77,115,79,4
387387.4852,4793241.158,69,88,116,111,4
387257.5403,4793052.201,59,99,124,1,1
387375.8789,4793099.689,73,109,125,1,1
387353.8371,4793135.628,59,101,122,1,1
387301.7809,4793146.905,55,98,122,1,1
387363.3902,4793042.292,201,186,178,63,2
387484.467,4793130.049,73,77,109,164,4
387472.4745,4793141.961,54,70,103,103,4
387469.1402,4793150.91,44,60,99,106,4
387455.4981,4793129.012,72,78,111,110,4
387206.4644,4792965.418,52,91,119,1,1
387384.7204,4793015.908,79,89,112,9,2
387396.7262,4792952.37,230,223,200,81,2
387386.7556,4792981.168,123,127,145,46,2
387408.0958,4792994.82,166,161,155,22,3
387429.0095,4792995.775,30,65,108,1,3
387322.8641,4792843.746,92,124,138,1,1
387274.4032,4792861.905,60,99,122,1,1
387421.1068,4792899.906,245,235,215,117,2
387423.1629,4792813.973,147,142,136,27,2
387443.994,4792874.86,39,63,103,107,4
387428.9111,4792884.221,128,129,138,72,4
387354.5231,4792705.26,139,166,163,3,1
387283.0809,4792702.976,60,100,125,1,1
387194.1222,4792746.972,50,87,118,1,1
387404.1471,4792770.038,148,143,145,49,2
387370.081,4792763.662,162,157,154,62,2
387320.1578,4792746.271,174,171,168,58,2
387376.5698,4792734.921,199,185,170,56,2
387393.9002,4792677.366,90,99,127,7,2
387404.8428,4792654.625,157,157,156,39,2
387406.9036,4792712.553,80,87,112,164,4
387387.3164,4792712.878,121,128,137,136,4
387403.1477,4792696.129,99,95,119,156,4
387346.6801,4792660.191,111,111,132,162,4
387394.817,4792562.289,247,251,240,42,1
387352.3815,4792523.947,73,107,126,1,1
387284.6072,4792532.883,60,96,123,1,1
387221.1522,4792592.074,61,96,125,1,1
387417.4977,4792630.119,163,150,140,39,2
387435.4545,4792557.802,171,160,143,91,2
387400.1962,4792605.505,82,95,118,41,4
387411.7303,4792479.576,174,196,207,20,1
387426.3818,4792402.633,173,163,151,14,2
387438.998,4792398.78,95,90,117,109,4
387264.7113,4792278.971,54,93,121,1,1
387426.988,4792297.101,75,109,124,1,1
387371.9616,4792339.666,65,100,121,1,1
387287.3216,4792381.855,61,98,123,1,1
387462.6036,4792344.235,238,238,228,56,1
387476.6157,4792281.184,79,98,120,80,2
387488.6971,4792279.353,79,84,119,119,4
387482.0865,4792153.876,144,159,151,6,1
387428.5118,4792179.063,75,111,125,1,1
387362.8642,4792211.392,64,100,122,1,1
387497.8193,4792246.991,99,106,121,58,2
387610.2432,4792147.071,167,162,152,25,2
387504.6484,4792243.511,103,112,132,92,4
387498.887,4792064.219,200,218,216,5,1
387342.29,4792073.76,59,94,120,1,1
387277.9594,4792132.969,58,98,123,1,1
387586.802,4792098.866,174,165,156,44,2
387618.6806,4792078.162,152,141,137,30,2
387652.3588,4792034.649,178,168,151,32,2
387658.2951,4792025.006,213,200,177,87,2
387591.3775,4792127.55,175,168,160,28,3
387562.3776,4792085.511,153,150,143,16,3
387609.1723,4792045.252,172,167,160,29,3
387284.3585,4791994.021,53,93,121,1,1
387443.6124,4791987.037,84,116,127,1,1
387421.9251,4791939.669,87,125,135,1,1
387688.8073,4792000.637,219,199,176,89,2
387701.7231,4791991.745,244,230,203,114,2
387716.6504,4791972.841,244,233,209,105,2
387733.8692,4791960.841,227,217,193,70,2
387579.5931,4791994.544,150,147,143,14,3
387627.9676,4791970.746,126,139,139,3,3
387658.7099,4791960.257,173,167,161,30,3
387697.3096,4791950.94,205,193,177,54,3
387608.2138,4791908.593,127,137,134,3,3
387323.344,4791772.087,58,96,121,1,1
387412.1594,4791823.548,221,221,221,41,1
387341.2701,4791855.098,62,98,122,1,1
387614.3778,4791833.861,173,167,162,27,3
387646.8477,4791822.476,168,164,157,25,3
387680.3349,4791846.219,198,189,174,44,3
387718.3159,4791852.099,167,160,153,25,3
387740.4457,4791847.394,177,171,164,32,3
387776.7619,4791831.606,234,225,205,93,3
387824.6216,4791776.577,212,203,182,60,3
387867.7838,4791779.769,239,230,211,98,3
387682.2442,4791751.164,164,161,155,25,3
387454.6117,4791652.753,167,173,174,8,1
387430.6216,4791676.582,88,121,132,1,1
387365.9118,4791713.237,85,117,130,1,1
387739.2557,4791722.884,235,226,207,90,3
387796.0882,4791683.76,207,197,179,55,3
387867.8204,4791702.968,237,228,212,96,3
387693.3273,4791684.16,193,186,173,40,3
387650.5668,4791705.261,177,169,161,28,3
387602.5321,4791723.413,193,181,169,39,3
387567.5445,4791635.476,209,200,183,49,3
387657.2459,4791635.292,156,152,146,20,3
387305.1551,4791568.453,62,105,124,1,1
387381.8333,4791570.65,78,117,131,1,1
387628.1696,4791562.442,181,174,166,31,3
387558.0797,4791511.1,144,148,143,4,3
387696.2241,4791543.525,236,228,210,89,3
387776.1339,4791530.486,240,231,215,99,3
387290.5578,4791423.767,74,119,132,1,1
387349.9326,4791485.265,208,228,221,33,1
387544.7752,4791444.064,177,170,164,28,3
387500.2505,4791463.894,153,150,148,17,3
387482.9192,4791390.415,172,168,163,26,3
387541.9405,4791378.154,156,150,144,20,3
387668.4869,4791446.353,234,226,208,87,3
387696.8367,4791396.416,185,176,164,36,3
387673.1723,4791413.731,205,196,178,47,3
387772.8898,4791413.382,218,211,193,66,3
387290.4106,4791310.08,76,115,128,1,1
387761.4005,4791350.653,165,160,154,27,3
387690.7864,4791346.615,205,196,175,51,3
387787.0746,4791296.855,238,229,210,96,3
387732.2694,4791300.8,187,181,167,36,3
387579.8004,4791245.178,177,172,165,31,3
387609.4258,4791298.495,205,197,178,51,3
387532.3313,4791245.097,173,168,162,27,3
387239.2181,4791112.188,66,107,126,1,1
387242.0215,4791228.437,55,102,124,1,1
387309.0161,4791171.78,235,244,240,66,1
387369.1339,4791225.457,254,254,254,88,1
387687.4476,4791223.868,229,223,202,78,3
387615.6194,4791225.492,237,229,210,91,3
387471.8695,4791223.102,178,172,164,30,3
387495.016,4791174.551,151,149,144,9,3
387447.3771,4791138.022,173,168,164,25,3
387690.8934,4791142.665,228,220,202,77,3
387222.9441,4791023.934,59,105,125,1,1
387298.5356,4791065.204,94,132,140,1,1
387421.4848,4791099.831,154,151,147,16,3
387496.5814,4791085.133,174,169,163,27,3
387543.7242,4791091.728,174,170,163,27,3
387530.6236,4791063.305,158,152,147,22,3
387632.8208,4791107.175,186,181,164,38,3
387220.2125,4790912.019,78,116,132,1,1
387279.6326,4790871.108,157,183,190,7,1
387326.7577,4790981.417,178,189,189,14,1
387480.2496,4790966.936,187,179,169,33,3
387537.8965,4790950.358,185,177,166,34,3
387604.2977,4790962.71,197,190,172,44,3
387548.5228,4790882.051,236,227,208,85,3
387481.689,4790896.178,178,172,164,28,3
387396.5476,4790909.307,137,144,144,3,3
387345.13,4790776.501,141,147,144,3,3
387479.2136,4790799.446,164,159,155,23,3
387517.4495,4790741.529,238,231,211,93,3
387589.4903,4790804.995,162,157,151,24,3
387253.373,4790653.694,118,137,139,3,1
387221.8744,4790697.614,104,137,143,1,1
387164.8201,4790723.733,100,131,139,1,1
387351.2751,4790726.927,132,142,140,1,3
387405.912,4790712.567,187,182,171,36,3
387598.729,4790705.464,217,208,189,66,3
387558.5429,4790698.319,197,187,170,46,3
387472.3374,4790673.71,175,168,160,28,3
387418.0953,4790606.91,152,147,144,17,3
387386.3035,4790607.004,187,179,169,35,3
387321.5084,4790665.364,150,150,147,10,3
387496.2776,4790620.368,239,230,213,96,3
387562.4119,4790642.706,209,201,183,55,3
387183.5023,4790537.682,231,238,237,3,1
387139.6678,4790573.129,68,112,128,1,1
387385.6655,4790474.527,239,233,210,106,2
387411.8665,4790557.416,208,194,181,76,2
387397.4908,4790557.22,198,196,187,80,2
387228.9834,4790444.053,97,128,135,1,1
387386.5071,4790420.264,177,171,159,31,2
387375.4449,4790383.559,104,100,124,19,2
386076.7049,4786285.144,138,138,146,37,2
386183.8015,4786271.796,66,89,122,143,4
386358.7872,4786259.313,57,72,107,94,4
386301.1386,4786252.027,58,77,115,105,4
386018.3311,4786331.891,99,97,124,78,4
386143.8859,4786237.119,200,194,175,83,2
386113.4295,4786188.124,249,250,249,105,2
386102.3616,4786151.832,128,125,143,67,2
386150.8391,4786131.912,157,160,164,60,2
386511.4031,4786218.81,220,203,180,75,2
386425.9066,4786214.16,176,178,174,44,2
386295.154,4786128.798,42,64,107,23,4
386254.1187,4786124.708,51,66,106,60,4
386256.1886,4786144.215,85,98,117,115,4
386248.5424,4786156.068,51,74,109,165,4
386230.2874,4786185.035,66,80,114,163,4
386215.4448,4786183.546,65,83,110,104,4
386211.0376,4786206.636,63,69,105,95,4
386277.64,4786202.046,53,73,111,76,4
386339.6529,4786131.527,72,79,111,25,4
386318.8125,4786188.33,51,69,106,62,4
386311.159,4786199.748,57,75,113,63,4
386300.0926,4786215.567,41,63,105,42,4
386247.999,4786227.729,41,70,111,2,4
386329.2258,4786237.661,131,128,144,100,4
386319.4445,4786226.099,50,74,110,76,4
386199.186,4786104.177,165,153,154,55,2
386226.489,4786068.979,183,169,168,59,2
386261.1691,4786077.255,65,79,114,116,4
386246.9655,4786087.915,60,71,108,78,4
386231.0919,4786102.946,60,77,110,124,4
386238.3102,4786117.59,46,77,109,82,4
386287.8995,4786111.983,90,87,119,88,4
386320.729,4786094.497,64,69,107,114,4
386324.5705,4786115.712,137,152,164,77,4
386338.9629,4786090.284,69,79,108,145,4
386331.7666,4786076.942,59,73,111,74,4
386322.1811,4786051.046,43,64,104,63,4
386303.3809,4786073.508,40,61,104,40,4
386291.9658,4786094.544,32,58,100,23,4
386302.64,4786055.282,38,59,102,15,4
386288.9374,4786069.842,65,83,112,97,4
386347.1613,4786111.425,76,80,110,149,4
386356.4053,4786090.86,58,71,108,49,4
386351.7667,4785794.158,153,154,157,54,2
386340.99,4785827.343,192,183,182,52,2
386399.1999,4785809.17,84,88,119,174,4
386402.0902,4785799.567,78,79,110,183,4
386376.3975,4785800.866,64,70,103,102,4
386358.8381,4785819.399,65,80,112,101,4
386380.5225,4785760.842,69,85,112,130,4
386407.8999,4785782.099,71,77,108,130,4
386374.6767,4785724.026,79,91,114,146,4
